id,set,mondai,no,sentence (target in [ ]),english,answer,distractor 1,rule 1,distractor 2,rule 2,distractor 3,rule 3,flags,source,status,your edits
n5-s1-m1-1,1,Mondai 1,1,もうすぐ[七時]だ。学校に行かなくちゃ。,It is close to seven o'clock. We have to go to school.,しちじ,しちし,dakuten,しちとき,on-kun,しっちじ,small-tsu,very short word: check no distractor is a real word,bunbuku · CC BY 2.0 FR · https://tatoeba.org/en/sentences/show/1979859,pending,
n5-s1-m1-2,1,Mondai 1,2,読書をする[時間]さえもない。,I have no time even for reading.,じかん,じがん,dakuten,ときかん,on-kun,じっかん,small-tsu,very short word: check no distractor is a real word,bunbuku · CC BY 2.0 FR · https://tatoeba.org/en/sentences/show/123363,pending,
n5-s1-m1-3,1,Mondai 1,3,その[大学]って、名門なの？,Is that university a prestigious one?,だいがく,たいがく,dakuten,だいがっく,small-tsu,おおがく,on-kun,,small_snow · CC BY 2.0 FR · https://tatoeba.org/en/sentences/show/11883556,pending,
n5-s1-m1-4,1,Mondai 1,4,今日は出かけたい[気分]だ。,I feel like going out today.,きぶん,いきぶん,on-kun,ぎぶん,dakuten,きふん,dakuten,very short word: check no distractor is a real word,bunbuku · CC BY 2.0 FR · https://tatoeba.org/en/sentences/show/171595,pending,
n5-s1-m1-5,1,Mondai 1,5,[父さん]、何をしてたの？,"What were you doing, Dad?",とうさん,どうさん,dakuten,ちちさん,on-kun,とさん,long-vowel,,small_snow · CC BY 2.0 FR · https://tatoeba.org/en/sentences/show/84839,pending,
n5-s1-m1-6,1,Mondai 1,6,親友とはなんでも[話す]ことができる。,I can talk about anything with my best friend.,はなす,はなしす,on-kun,はなっす,small-tsu,はなず,dakuten,very short word: check no distractor is a real word,bunbuku · CC BY 2.0 FR · https://tatoeba.org/en/sentences/show/144776,pending,
n5-s1-m1-7,1,Mondai 1,7,アイルランドは[西]ヨーロッパにある。,Ireland is in western Europe.,にし,にじ,dakuten,にっし,small-tsu,せい,on-kun,very short word: check no distractor is a real word,bunbuku · CC BY 2.0 FR · https://tatoeba.org/en/sentences/show/10050407,pending,
n5-s1-m2-1,1,Mondai 2,1,クリスマスにトムから[さんびゃく]ドルのギフトカードもらったんだ。,I received a $300 gift card from Tom for Christmas.,三百,山百,same-reading,三月,look-alike,三日,look-alike,"sentence text altered: target shown in hiragana (CC BY adaptation, change noted on screen)",bunbuku · CC BY 2.0 FR · https://tatoeba.org/en/sentences/show/8596858,pending,
n5-s1-m2-2,1,Mondai 2,2,あなたは[せんげつ]から日本にいますか。,Have you been in Japan since last month?,先月,先円,look-alike,川月,same-reading,先日,look-alike,"sentence text altered: target shown in hiragana (CC BY adaptation, change noted on screen)",arihato · CC BY 2.0 FR · https://tatoeba.org/en/sentences/show/231792,pending,
n5-s1-m2-3,1,Mondai 2,3,メアリーは[にほんご]が話せる。,Mary can speak Japanese.,日本語,日木語,look-alike,月本語,look-alike,日来語,look-alike,"sentence text altered: target shown in hiragana (CC BY adaptation, change noted on screen) / other valid readings excluded from distractors: にっぽんご",bunbuku · CC BY 2.0 FR · https://tatoeba.org/en/sentences/show/194721,pending,
n5-s1-m2-4,1,Mondai 2,4,七時[さんじゅっぷん]だった。,It was seven thirty.,三十分,三午分,look-alike,三千分,look-alike,川十分,look-alike,"sentence text altered: target shown in hiragana (CC BY adaptation, change noted on screen) / other valid readings excluded from distractors: さんじっぷん",small_snow · CC BY 2.0 FR · https://tatoeba.org/en/sentences/show/149633,pending,
n5-s1-m2-5,1,Mondai 2,5,今日は、二千十六年[じゅういちがつ]二十三日です。,Today is 23 November 2016.,十一月,十一白,look-alike,十一円,look-alike,千一月,look-alike,"sentence text altered: target shown in hiragana (CC BY adaptation, change noted on screen)",small_snow · CC BY 2.0 FR · https://tatoeba.org/en/sentences/show/10932447,pending,
n5-s2-m1-1,2,Mondai 1,1,[二人]はハネムーンに出かけた。,The couple went off on their honeymoon.,ふたり,ふったり,small-tsu,ふうたり,long-vowel,ぶたり,dakuten,very short word: check no distractor is a real word,small_snow · CC BY 2.0 FR · https://tatoeba.org/en/sentences/show/123075,pending,
n5-s2-m1-2,2,Mondai 1,2,[大学生]なんだし，もっとフィーバーしようぜ！,"Since we're college students, let's go all out!",だいがくせい,だいがぐせい,dakuten,だいまなせい,on-kun,だいがくっせい,small-tsu,,admiral · CC BY 2.0 FR · https://tatoeba.org/en/sentences/show/4292002,pending,
n5-s2-m1-3,2,Mondai 1,3,学校は[九時]から始まります。,School begins at nine.,くじ,くうじ,long-vowel,くどき,on-kun,ぐじ,dakuten,very short word: check no distractor is a real word,small_snow · CC BY 2.0 FR · https://tatoeba.org/en/sentences/show/184398,pending,
n5-s2-m1-4,2,Mondai 1,4,[電気]をつけていただけませんか。,Would you be so kind as to turn the light on?,でんき,でんぎ,dakuten,でんいき,on-kun,てんき,dakuten,very short word: check no distractor is a real word,small_snow · CC BY 2.0 FR · https://tatoeba.org/en/sentences/show/124844,pending,
n5-s2-m1-5,2,Mondai 1,5,[高い]んだろ。やめとくよ。,I'm sure it costs a pretty penny. I'll pass.,たかい,たっかい,small-tsu,たがい,dakuten,こうい,on-kun,very short word: check no distractor is a real word,KK_kaku_ · CC BY 2.0 FR · https://tatoeba.org/en/sentences/show/173257,pending,
n5-s2-m1-6,2,Mondai 1,6,きょうかぜで学校を[休み]ました。,I didn't go to school today because I had a cold.,やすみ,やずみ,dakuten,やすうみ,long-vowel,きゅうみ,on-kun,very short word: check no distractor is a real word,small_snow · CC BY 2.0 FR · https://tatoeba.org/en/sentences/show/10899663,pending,
n5-s2-m1-7,2,Mondai 1,7,あんないい[男]そうそういないぞ！！,There aren't many blokes that nice!,おとこ,なん,on-kun,おとっこ,small-tsu,おうとこ,long-vowel,very short word: check no distractor is a real word,bunbuku · CC BY 2.0 FR · https://tatoeba.org/en/sentences/show/75577,pending,
n5-s2-m2-1,2,Mondai 2,1,メアリーは[ちゅうごくご]がわかります。,Mary understands Chinese.,中国語,中国午,same-reading,中国話,look-alike,中国後,same-reading,"sentence text altered: target shown in hiragana (CC BY adaptation, change noted on screen)",KK_kaku_ · CC BY 2.0 FR · https://tatoeba.org/en/sentences/show/194727,pending,
n5-s2-m2-2,2,Mondai 2,2,この本はね、[しょうがっこう]の時に読んだよ。,I read this book when I was in elementary school.,小学校,水学校,look-alike,小学行,same-reading,生学校,same-reading,"sentence text altered: target shown in hiragana (CC BY adaptation, change noted on screen)",small_snow · CC BY 2.0 FR · https://tatoeba.org/en/sentences/show/10574504,pending,
n5-s2-m2-3,2,Mondai 2,3,[こうこう]ではサッカーチームに入っています。,I am on our high school soccer team.,高校,行校,same-reading,高後,same-reading,後校,same-reading,"sentence text altered: target shown in hiragana (CC BY adaptation, change noted on screen)",bunbuku · CC BY 2.0 FR · https://tatoeba.org/en/sentences/show/173213,pending,
n5-s2-m2-4,2,Mondai 2,4,[らいねん]の１０月で、トムは３０になるんだ。,Tom is going to be thirty next October.,来年,木年,look-alike,本年,look-alike,東年,look-alike,"sentence text altered: target shown in hiragana (CC BY adaptation, change noted on screen)",bunbuku · CC BY 2.0 FR · https://tatoeba.org/en/sentences/show/11469088,pending,
n5-s2-m2-5,2,Mondai 2,5,よーし、[きょう]は食うぞお。,"Right then, I'm going to stuff my face today!",今日,今月,look-alike,今円,look-alike,今白,look-alike,"sentence text altered: target shown in hiragana (CC BY adaptation, change noted on screen) / other valid readings excluded from distractors: こんにち",small_snow · CC BY 2.0 FR · https://tatoeba.org/en/sentences/show/11029490,pending,
n5-s3-m1-1,3,Mondai 1,1,[電車]の中ですりにやられちゃったんだ。,I had my pocket picked on the train.,でんしゃ,でんしょ,small-kana,でんじゃ,dakuten,でんくるま,on-kun,,bunbuku · CC BY 2.0 FR · https://tatoeba.org/en/sentences/show/124800,pending,
n5-s3-m1-2,3,Mondai 1,2,父は[中国]へ行ってしまった。,My father has gone to China.,ちゅうごく,ちゅうごっく,small-tsu,ちゅうこく,dakuten,ちゅごく,long-vowel,,bunbuku · CC BY 2.0 FR · https://tatoeba.org/en/sentences/show/84418,pending,
n5-s3-m1-3,3,Mondai 1,3,[午後]はどうやら雨になりそうだ。,It seems like it might rain this afternoon.,ごご,ごあと,on-kun,こご,dakuten,ごうご,long-vowel,very short word: check no distractor is a real word,bunbuku · CC BY 2.0 FR · https://tatoeba.org/en/sentences/show/174393,pending,
n5-s3-m1-4,3,Mondai 1,4,6時半に[電話]してください。,"Call me at six-thirty, please.",でんわ,てんわ,dakuten,でんはな,on-kun,でんはなし,on-kun,very short word: check no distractor is a real word,tommy_san · CC BY 2.0 FR · https://tatoeba.org/en/sentences/show/2429718,pending,
n5-s3-m1-5,3,Mondai 1,5,あなたの[友だち]によろしく。,Say hello to your friends.,ともだち,ともうだち,long-vowel,どもだち,dakuten,ゆうだち,on-kun,,mookeee · CC BY 2.0 FR · https://tatoeba.org/en/sentences/show/997286,pending,
n5-s3-m1-6,3,Mondai 1,6,「[母さん]どこにいるの？」「キッチンよ」,"""Where's mom?"" ""She's in the kitchen.""",かあさん,かあっさん,small-tsu,ははさん,on-kun,かあざん,dakuten,,small_snow · CC BY 2.0 FR · https://tatoeba.org/en/sentences/show/226039,pending,
n5-s3-m1-7,3,Mondai 1,7,俺の[刀]はどこだ？,Where's my sword?,かたな,がたな,dakuten,とう,on-kun,かったな,small-tsu,very short word: check no distractor is a real word,small_snow · CC BY 2.0 FR · https://tatoeba.org/en/sentences/show/11058413,pending,
n5-s3-m2-1,3,Mondai 2,1,水がなければ、[にんげん]は生きられない。,"Without water, people couldn't live.",人間,入間,look-alike,人見,same-reading,人聞,look-alike,"sentence text altered: target shown in hiragana (CC BY adaptation, change noted on screen) / other valid readings excluded from distractors: じんかん",small_snow · CC BY 2.0 FR · https://tatoeba.org/en/sentences/show/143831,pending,
n5-s3-m2-2,3,Mondai 2,2,その大きさで[じゅうぶん]ですか。,Is it large enough?,十分,十聞,same-reading,午分,look-alike,千分,look-alike,"sentence text altered: target shown in hiragana (CC BY adaptation, change noted on screen) / other valid readings excluded from distractors: じっぷん、じゅっぷん",KK_kaku_ · CC BY 2.0 FR · https://tatoeba.org/en/sentences/show/208264,pending,
n5-s3-m2-3,3,Mondai 2,3,今年の[ろくがつ]はあまり雨の日がなかった。,There were not many rainy days in June this year.,六月,六円,look-alike,六日,look-alike,六白,look-alike,"sentence text altered: target shown in hiragana (CC BY adaptation, change noted on screen)",unadopted · CC BY 2.0 FR · https://tatoeba.org/en/sentences/show/171353,pending,
n5-s3-m2-4,3,Mondai 2,4,日本では、八月[ようか]はヒゲの日です。,The eighth of August is Beard Day in Japan.,八日,八円,look-alike,八白,look-alike,八月,look-alike,"sentence text altered: target shown in hiragana (CC BY adaptation, change noted on screen)",small_snow · CC BY 2.0 FR · https://tatoeba.org/en/sentences/show/9472440,pending,
n5-s3-m2-5,3,Mondai 2,5,[いちえん]も使わなかった。,I didn't spend a penny.,一円,一白,look-alike,一月,look-alike,一日,look-alike,"sentence text altered: target shown in hiragana (CC BY adaptation, change noted on screen)",small_snow · CC BY 2.0 FR · https://tatoeba.org/en/sentences/show/11257897,pending,
n5-s4-m1-1,4,Mondai 1,1,[毎年]ここに来なきゃ。,I'll have to come here every year.,まいとし,まいねん,on-kun,まいとうし,long-vowel,まいとっし,small-tsu,,bunbuku · CC BY 2.0 FR · https://tatoeba.org/en/sentences/show/81248,pending,
n5-s4-m1-2,4,Mondai 1,2,[午前]中はずっと本を読んでました。,I've been reading a book all morning.,ごぜん,こぜん,dakuten,ごうぜん,long-vowel,ごまえ,on-kun,very short word: check no distractor is a real word,bunbuku · CC BY 2.0 FR · https://tatoeba.org/en/sentences/show/157196,pending,
n5-s4-m1-3,4,Mondai 1,3,天気が悪くて[今年]は天の川が見れないわね。,"We can't see the Milky Way this year because of the bad weather, huh?",ことし,ごとし,dakuten,ことっし,small-tsu,ことうし,long-vowel,other valid readings excluded from distractors: こんねん / very short word: check no distractor is a real word,small_snow · CC BY 2.0 FR · https://tatoeba.org/en/sentences/show/10156639,pending,
n5-s4-m1-4,4,Mondai 1,4,[三時]でどうでしょうか。,Would three o'clock be all right?,さんじ,ざんじ,dakuten,さんとき,on-kun,さんどき,on-kun,very short word: check no distractor is a real word,bunbuku · CC BY 2.0 FR · https://tatoeba.org/en/sentences/show/169504,pending,
n5-s4-m1-5,4,Mondai 1,5,いつパーティーに[出かける]の？,When will you leave for the party?,でかける,でいかける,long-vowel,てかける,dakuten,でかっける,small-tsu,,bunbuku · CC BY 2.0 FR · https://tatoeba.org/en/sentences/show/10962448,pending,
n5-s4-m1-6,4,Mondai 1,6,校長が先生の[後ろ]から入ってきた。,The principal came in after the teacher.,うしろ,ううしろ,long-vowel,こうろ,on-kun,うじろ,dakuten,very short word: check no distractor is a real word,KK_kaku_ · CC BY 2.0 FR · https://tatoeba.org/en/sentences/show/173570,pending,
n5-s4-m1-7,4,Mondai 1,7,三年前この[国]へ来ました。,I came to this country three years ago.,くに,こく,on-kun,くうに,long-vowel,ぐに,dakuten,very short word: check no distractor is a real word,small_snow · CC BY 2.0 FR · https://tatoeba.org/en/sentences/show/10899809,pending,
n5-s4-m2-1,4,Mondai 2,1,[こんげつ]いっぱいここにいます。,I will stay here all this month.,今月,今日,look-alike,金月,same-reading,今円,look-alike,"sentence text altered: target shown in hiragana (CC BY adaptation, change noted on screen)",small_snow · CC BY 2.0 FR · https://tatoeba.org/en/sentences/show/172471,pending,
n5-s4-m2-2,4,Mondai 2,2,学校は[しがつ]からです。,School begins in April.,四月,四日,look-alike,子月,same-reading,四円,look-alike,"sentence text altered: target shown in hiragana (CC BY adaptation, change noted on screen)",small_snow · CC BY 2.0 FR · https://tatoeba.org/en/sentences/show/11648687,pending,
n5-s4-m2-3,4,Mondai 2,3,[がっこう]の先生なんでしょ？,"You're a schoolteacher, aren't you?",学校,学後,same-reading,学高,same-reading,学行,same-reading,"sentence text altered: target shown in hiragana (CC BY adaptation, change noted on screen)",bunbuku · CC BY 2.0 FR · https://tatoeba.org/en/sentences/show/10568489,pending,
n5-s4-m2-4,4,Mondai 2,4,あれはきっと[こうちょう]先生だ。,I bet he is our principal.,校長,行長,same-reading,高長,same-reading,後長,same-reading,"sentence text altered: target shown in hiragana (CC BY adaptation, change noted on screen) / word may be above N5 (kept so Mondai 2 has 25 usable words): your call",bunbuku · CC BY 2.0 FR · https://tatoeba.org/en/sentences/show/229741,pending,
n5-s4-m2-5,4,Mondai 2,5,[しろい]ベルトがついてるのがいいな。,I like the one with a white belt.,白い,月い,look-alike,日い,look-alike,円い,look-alike,"sentence text altered: target shown in hiragana (CC BY adaptation, change noted on screen) / weak: look-alikes of a single kanji or an okurigana word read as nonsense; consider replacing",small_snow · CC BY 2.0 FR · https://tatoeba.org/en/sentences/show/121433,pending,
n5-s5-m1-1,5,Mondai 1,1,あの電話で[外国]に電話ができますか？,Can I make an international call with that phone?,がいこく,がいこぐ,dakuten,がいくに,on-kun,がいこっく,small-tsu,,small_snow · CC BY 2.0 FR · https://tatoeba.org/en/sentences/show/10965423,pending,
n5-s5-m1-2,5,Mondai 1,2,そのソフトは[半年]前にリリースされたよ。,That software was released six months ago.,はんとし,なかとし,on-kun,はんとうし,long-vowel,はんとっし,small-tsu,,small_snow · CC BY 2.0 FR · https://tatoeba.org/en/sentences/show/11009569,pending,
n5-s5-m1-3,5,Mondai 1,3,たくさんの[学生]がアルバイトをする。,A lot of students do part-time jobs.,がくせい,がくなま,on-kun,がくぜい,dakuten,がくせ,long-vowel,,bunbuku · CC BY 2.0 FR · https://tatoeba.org/en/sentences/show/203799,pending,
n5-s5-m1-4,5,Mondai 1,4,パンを[半分]食べました。,I ate half the bread.,はんぶん,はんぷん,dakuten,なかぶん,on-kun,ばんぶん,dakuten,,small_snow · CC BY 2.0 FR · https://tatoeba.org/en/sentences/show/10899758,pending,
n5-s5-m1-5,5,Mondai 1,5,ペンで書いて[下さい]。,Please write with a pen.,ください,ぐださい,dakuten,くうださい,long-vowel,くだっさい,small-tsu,,bunbuku · CC BY 2.0 FR · https://tatoeba.org/en/sentences/show/196626,pending,
n5-s5-m1-6,5,Mondai 1,6,本を[読む]のはとてもおもしろい。,Reading books is very interesting.,よむ,ようむ,long-vowel,どくむ,on-kun,とくむ,on-kun,very short word: check no distractor is a real word,bunbuku · CC BY 2.0 FR · https://tatoeba.org/en/sentences/show/81613,pending,
n5-s5-m1-7,5,Mondai 1,7,そこのかどを[左]にまがって。,Turn left at that corner.,ひだり,しゃ,on-kun,びだり,dakuten,ひたり,dakuten,very short word: check no distractor is a real word,small_snow · CC BY 2.0 FR · https://tatoeba.org/en/sentences/show/11022939,pending,
n5-s5-m2-1,5,Mondai 2,1,スイスでは[ごがつ]に春がくる。,"In Switzerland, spring comes in May.",五月,五日,look-alike,後月,same-reading,午月,same-reading,"sentence text altered: target shown in hiragana (CC BY adaptation, change noted on screen)",bunbuku · CC BY 2.0 FR · https://tatoeba.org/en/sentences/show/215152,pending,
n5-s5-m2-2,5,Mondai 2,2,[にほん]は今午前3時です。,"In Japan, it's three in the morning now.",日本,日木,look-alike,円本,look-alike,日来,look-alike,"sentence text altered: target shown in hiragana (CC BY adaptation, change noted on screen) / other valid readings excluded from distractors: にっぽん",tommy_san · CC BY 2.0 FR · https://tatoeba.org/en/sentences/show/2850571,pending,
n5-s5-m2-3,5,Mondai 2,3,あなたは中国人ですか、それとも[にほんじん]ですか。,Are you Chinese or Japanese?,日本人,白本人,look-alike,円本人,look-alike,日木人,look-alike,"sentence text altered: target shown in hiragana (CC BY adaptation, change noted on screen) / other valid readings excluded from distractors: にっぽんじん",wakatyann630 · CC BY 2.0 FR · https://tatoeba.org/en/sentences/show/231729,pending,
n5-s5-m2-4,5,Mondai 2,4,[せんせい]の車はどこにありますか。,Where is the teacher's car?,先生,先西,same-reading,山生,same-reading,川生,same-reading,"sentence text altered: target shown in hiragana (CC BY adaptation, change noted on screen)",small_snow · CC BY 2.0 FR · https://tatoeba.org/en/sentences/show/10918360,pending,
n5-s5-m2-5,5,Mondai 2,5,[つき]は東から上る。,The moon rises in the east.,月,日,look-alike,白,look-alike,円,look-alike,"sentence text altered: target shown in hiragana (CC BY adaptation, change noted on screen) / weak: look-alikes of a single kanji or an okurigana word read as nonsense; consider replacing",unadopted · CC BY 2.0 FR · https://tatoeba.org/en/sentences/show/175628,pending,
